variants_tables
5
variant_name	tech_folder	variant_file_name	low_poly_filename	mount_scale	scale	scale_variation
wh_dlc03_bst_bestigors		bst_bestigors	hu6\bst\bst_bestigors\low_poly\bst_bestigor_axe_lowlod	1	1.12	0.05
wh_dlc03_bst_centigors		bst_centigors	ce1/bst/bst_centigor/low_poly/bst_centigor_spear_shield_lowlod	1	1	0.05
wh_dlc03_bst_centigors_great_weapons		bst_centigors_great_weapons	ce1/bst/bst_centigor/low_poly/bst_centigor_great_spear_lowlod	1	1	0.05
wh_dlc03_bst_centigors_throwing_axes		bst_centigors_throwing_axes	ce1/bst/bst_centigor/low_poly/bst_centigor_spear_axe_lowlod	1	1	0.05
wh_dlc03_bst_ch_beastlords		bst_beastlords		1	1.13	0.05
wh_dlc03_bst_ch_bray_shaman		bst_bray_shaman		1	1.05	0.05
wh_dlc03_bst_ch_gorebull		bst_gorebulls		1	1.27	0
wh_dlc03_bst_ch_khazrak		bst_ch_khazrak		1	1.22	0
wh_dlc03_bst_chaos_spawn		bst_chaos_spawn	hc02\bst\bst_chaos_spawn\low_poly\bst_chaos_spawn_lowlod	1	0.8	0
wh_dlc03_bst_chaos_warhounds		bst_chaos_warhounds	wf1\bst\bst_warhounds\low_poly\bst_warhound_lowlod	1	1	0.05
wh_dlc03_bst_chaos_warhounds_poison		bst_chaos_warhounds_poison	wf1\chs\chs_warhounds_poison\low_poly\chs_warhound_poison_lowlod	1	1.35	0.05
wh_dlc03_bst_gors		bst_gors	hu\bst\bst_gor\low_poly\bst_gor_lowlod	1	1.06	0.05
wh_dlc03_bst_gors_dual_axes		bst_gors_dual_axes	hu6\bst\bst_gor\low_poly\bst_gor_axe_axe_lowlod	1	1.06	0.05
wh_dlc03_bst_gors_shields		bst_gors_shields	hu6\bst\bst_gor\low_poly\bst_gor_axe_shield_lowlod	1	1.06	0.05
wh_dlc03_bst_malagor		bst_ch_malagor		1	1.1	0
wh_dlc03_bst_minotaurs		bst_minotaurs	hu12\bst\bst_minotaurs\low_poly\bst_minotaur_axe_axe_lowlod	1	1.12	0
wh_dlc03_bst_minotaurs_great_weapons		bst_minotaurs_great_weapons	hu12\bst\bst_minotaurs\low_poly\bst_minotaur_lowlod	1	1.12	0
wh_dlc03_bst_minotaurs_shields		bst_minotaurs_shields	hu12\bst\bst_minotaurs\low_poly\bst_minotaur_axe_shield_lowlod	1	1.12	0
wh_dlc03_bst_ungor_raiders		bst_ungor_raiders	hu6b\bst\bst_ungor\low_poly\bst_ungor_lowlod	1	1.04	0.05
wh_dlc03_bst_ungor_spearmen		bst_ungor_spearmen	hu6b\bst\bst_ungor\low_poly\bst_ungor_spear_lowlod	1	1.04	0.05
wh_dlc03_bst_ungor_spearmen_shields		bst_ungor_spearmen_shield	hu6b\bst\bst_ungor\low_poly\bst_ungor_spear_shield_lowlod	1	1.04	0.05
wh_dlc03_bst_ungors_shield		bst_ungors_shield	hu6b\bst\bst_ungor\low_poly\bst_ungor_axe_shield_lowlod	1	1.04	0.05
wh_dlc05_bst_ch_morghur		bst_ch_morghur		1	1.15	0
wh_dlc05_bst_harpies		bst_harpies		1	1	0.15
wh_brt_ch_king_louen_leoncoeur		brt_ch_king_louen_leoncoeur		1	1.02	0.05
wh_brt_ch_lords		brt_lords		1	1.02	0.05
wh_brt_ch_lords_lance		brt_lords		1	1.02	0.05
wh_brt_ch_paladin		brt_paladin		1	1.02	0.05
wh_brt_ch_paladin_lance		brt_paladin		1	1.02	0.05
wh_brt_grail_knights		brt_grail_knights	hu1\brt\brt_grail_knights\low_poly\brt_grail_knights_lowlod	1	1	0.05
wh_brt_knights_of_the_realm		brt_knights_of_the_realm	hu1\brt\brt_grail_knights\low_poly\brt_grail_knights_lowlod	1	1	0.05
wh_brt_men_at_arms_halberd		brt_men_at_arms_halberd	hu1\brt\brt_men_at_arms\low_poly\brt_men_at_arms_lowlod	1	1	0.05
wh_brt_mounted_yeomen		brt_mounted_yeomen	hu1\brt\brt_men_at_arms\low_poly\brt_spearmen_at_arms_lowlod	1	1	0.05
wh_brt_mounted_yeomen_archers		brt_mounted_yeomen_archers	hu1\brt\brt_men_at_arms\low_poly\brt_men_at_arms_archer_lowlod	1	1	0.05
wh_brt_peasants_bowmen		brt_peasants_bowmen	hu1\brt\brt_peasants_bowmen\low_poly\brt_peasants_bowmen_lowlod	1	1	0.05
wh_brt_peasants_mob		brt_peasants_mob		1	1	0.05
wh_brt_pegasus_knights		brt_pegasus_knights	hu1\brt\brt_grail_knights\low_poly\brt_grail_knights_lowlod	1	1	0.05
wh_brt_royal_knights		brt_royal_knights	hu1\brt\brt_grail_knights\low_poly\brt_grail_knights_lowlod	1	1	0.05
wh_brt_spearmen_at_arms_shield		brt_spearmen_at_arms_shield	hu1\brt\brt_men_at_arms\low_poly\brt_spearmen_at_arms_lowlod	1	1	0.05
wh_dlc05_brt_armand_aquitaine		brt_armand_aquitaine		1	1.02	0
wh_dlc07_brt_alberic_bordeleaux		brt_alberic_bordeleaux		1	1.02	0.05
wh_dlc07_brt_battle_pilgrims		brt_battle_pilgrims		1	1	0.05
wh_dlc07_brt_ch_fay_enchantress		brt_ch_fay_enchantress		1	1	0.05
wh_dlc07_brt_ch_green_knight		brt_ch_green_knight		1	1.05	0
wh_dlc07_brt_foot_squires		brt_foot_squire		1	1	0.05
wh_dlc07_brt_grail_guardians		brt_grail_guardians	hu1\brt\brt_grail_knights\low_poly\brt_grail_knights_lowlod	1	1	0.05
wh_dlc07_brt_grail_reliquae		brt_grail_reliquae		1	1	0
wh_dlc07_brt_knights_errant		brt_knights_errant		1	1	0.05
wh_dlc07_brt_men_at_arms		brt_men_at_arms		1	1	0.05
wh_dlc07_brt_men_at_arms_shield		brt_men_at_arms_shield		1	1	0.05
wh_dlc07_brt_prophetess_campaign_01		brt_prophetess_campaign_01		1	1	0
wh_dlc07_brt_questing_knights		brt_questing_knight		1	1	0.05
wh_dlc07_brt_spearmen_at_arms		brt_spearmen_at_arms		1	1	0.05
wh_brt_ch_king_louen_leoncoeur		brt_ch_king_louen_leoncoeur		1	1.02	0.05
wh_brt_ch_lords		brt_lords		1	1.02	0.05
wh_brt_ch_lords_lance		brt_lords		1	1.02	0.05
wh_brt_ch_paladin		brt_paladin		1	1.02	0.05
wh_brt_ch_paladin_lance		brt_paladin		1	1.02	0.05
wh_brt_grail_knights		brt_grail_knights	hu1\brt\brt_grail_knights\low_poly\brt_grail_knights_lowlod	1	1	0.05
wh_brt_knights_of_the_realm		brt_knights_of_the_realm	hu1\brt\brt_grail_knights\low_poly\brt_grail_knights_lowlod	1	1	0.05
wh_brt_men_at_arms_halberd		brt_men_at_arms_halberd	hu1\brt\brt_men_at_arms\low_poly\brt_men_at_arms_lowlod	1	1	0.05
wh_brt_mounted_yeomen		brt_mounted_yeomen	hu1\brt\brt_men_at_arms\low_poly\brt_spearmen_at_arms_lowlod	1	1	0.05
wh_brt_mounted_yeomen_archers		brt_mounted_yeomen_archers	hu1\brt\brt_men_at_arms\low_poly\brt_men_at_arms_archer_lowlod	1	1	0.05
wh_brt_peasants_bowmen		brt_peasants_bowmen	hu1\brt\brt_peasants_bowmen\low_poly\brt_peasants_bowmen_lowlod	1	1	0.05
wh_brt_peasants_mob		brt_peasants_mob		1	1	0.05
wh_brt_pegasus_knights		brt_pegasus_knights	hu1\brt\brt_grail_knights\low_poly\brt_grail_knights_lowlod	1	1	0.05
wh_brt_royal_knights		brt_royal_knights	hu1\brt\brt_grail_knights\low_poly\brt_grail_knights_lowlod	1	1	0.05
wh_brt_spearmen_at_arms_shield		brt_spearmen_at_arms_shield	hu1\brt\brt_men_at_arms\low_poly\brt_spearmen_at_arms_lowlod	1	1	0.05
wh_dlc05_brt_armand_aquitaine		brt_armand_aquitaine		1	1.02	0
wh_dlc07_brt_alberic_bordeleaux		brt_alberic_bordeleaux		1	1.02	0.05
wh_dlc07_brt_battle_pilgrims		brt_battle_pilgrims		1	1	0.05
wh_dlc07_brt_ch_fay_enchantress		brt_ch_fay_enchantress		1	1	0.05
wh_dlc07_brt_ch_green_knight		brt_ch_green_knight		1	1.05	0
wh_dlc07_brt_foot_squires		brt_foot_squire		1	1	0.05
wh_dlc07_brt_grail_guardians		brt_grail_guardians	hu1\brt\brt_grail_knights\low_poly\brt_grail_knights_lowlod	1	1	0.05
wh_dlc07_brt_grail_reliquae		brt_grail_reliquae		1	1	0
wh_dlc07_brt_knights_errant		brt_knights_errant		1	1	0.05
wh_dlc07_brt_men_at_arms		brt_men_at_arms		1	1	0.05
wh_dlc07_brt_men_at_arms_shield		brt_men_at_arms_shield		1	1	0.05
wh_dlc07_brt_prophetess_campaign_01		brt_prophetess_campaign_01		1	1	0
wh_dlc07_brt_questing_knights		brt_questing_knight		1	1	0.05
wh_dlc07_brt_spearmen_at_arms		brt_spearmen_at_arms		1	1	0.05
wh_dlc05_dwf_darthon_ironbeard		dwf_darthon_ironbeard		1	0.98	0
wh_dlc06_dwf_ch_belegar_ironhammer		dwf_ch_belegar_ironhammer		1	0.98	0
wh_dlc06_dwf_ch_master_engineer_ghost		dwf_master_engineer_ghost_01		1	0.98	0.05
wh_dlc06_dwf_ch_runesmith_ghost		dwf_runesmith_ghost_01		1	0.98	0.05
wh_dlc06_dwf_gyrobomber_skyhammer		dwf_gyrobomber_skyhammer		1	1	0.05
wh_dlc06_dwf_hammerers_gate		dwf_hammerers_gate	hu3/dwf/dwf_hammerers/low_poly/dwf_hammerers_peaksgate_lowlod	1	1	0.05
wh_dlc06_dwf_irondrakes_skolder		dwf_irondrakes_skolder	hu3\dwf\dwf_irondrakes\low_poly\dwf_irondrakes_norgrimlings_lowlod	1	1	0.05
wh_dlc06_dwf_miners_blasting_charges_ekrund		dwf_miners_blasting_charges_ekrund		1	1	0.05
wh_dlc06_dwf_runelord		dwf_ch_runelord		1	0.98	0.05
wh_dlc06_dwf_runelord_anvil		dwf_anvil_of_doom		1	1	0.05
wh_dlc06_dwf_slayers_dragonback		dwf_slayers_dragonback	hu3/dwf/dwf_slayers/low_poly/dwf_slayers_dragonback_lowlod	1	1	0.05
wh_dlc06_dwf_warriors_dragonfire		dwf_warriors_dragonfire	hu3/dwf/dwf_warriors/low_poly/dwf_warriors_dragonfire_lowlod	1	1	0.05
wh_dlc06_dwf_warriors_ironbreakers_norgrimlings		dwf_warriors_ironbreakers_norgrimlings	hu3\dwf\dwf_ironbreakers\low_poly\dwf_ironbreakers_norgrimlings_lowlod	1	1	0.05
wh_dlc06_dwf_warriors_longbeard_great_axe_grumblers		dwf_warriors_longbeard_great_axe_grumblers	hu3\dwf\dwf_longbeards\low_poly\dwf_warriors_longbeard_grumblers_lowlod	1	1	0.05
wh_dlc06_dwf_warriors_rangers		dwf_warriors_rangers	hu3/dwf/dwf_rangers/imposter/dwf_warriors_rangers_imposter	1	1	0.05
wh_dlc06_dwf_warriors_rangers_bugmans		dwf_warriors_rangers_bugmans	hu3/dwf/dwf_rangers/low_poly/dwf_rangers_bugman_lowlod	1	1	0.05
wh_dlc06_dwf_warriors_rangers_great_weapons		dwf_warriors_rangers_great_weapons	hu3/dwf/dwf_rangers/imposter/dwf_warriors_rangers_imposter	1	1	0.05
wh_dlc06_dwf_warriors_rangers_ulthars		dwf_warriors_rangers_ulthars	hu3/dwf/dwf_rangers/imposter/dwf_warriors_rangers_imposter	1	1	0.05
wh_dwf_ch_lord		dwf_lord		1	0.98	0.05
wh_dwf_ch_master_engineer		dwf_master_engineer		1	0.98	0.05
wh_dwf_ch_runesmith		dwf_runesmith		1	0.98	0.05
wh_dwf_ch_thane		dwf_thane		1	0.98	0.05
wh_dwf_ch_thorgrim		dwf_throne_of_power		1	1	0
wh_dwf_ch_ungrim		dwf_ch_ungrim		1	0.98	0.05
wh_dwf_gyrobomber		dwf_gyrobomber		1	1	0.05
wh_dwf_gyrocopter		dwf_gyrocopter		1	1	0.05
wh_dwf_gyrocopter_brimstone		dwf_gyrocopter_brimstone		1	1	0.05
wh_dwf_hammerers		dwf_hammerers	hu3/dwf/dwf_hammerers/low_poly/dwf_hammerers_lowlod	1	0.95	0.05
wh_dwf_irondrakes		dwf_irondrakes	hu3/dwf/dwf_irondrakes/low_poly/dwf_irondrakes_lowlod	1	0.95	0.05
wh_dwf_irondrakes_trollhammer_torpedo		dwf_irondrakes_trollhammer_torpedo	hu3/dwf/dwf_irondrakes/low_poly/dwf_irondrakes_lowlod	1	0.95	0.05
wh_dwf_miners		dwf_miners	hu3/dwf/dwf_warriors/low_poly/dwf_warriors_lowlod	1	0.95	0.05
wh_dwf_miners_blasting_charges		dwf_miners_blasting_charges	hu3/dwf/dwf_warriors/low_poly/dwf_warriors_lowlod	1	0.95	0.05
wh_dwf_quarrellers		dwf_quarrellers	hu3/dwf/dwf_warriors/low_poly/dwf_warriors_lowlod	1	0.95	0.05
wh_dwf_quarrellers_great_axe		dwf_quarrellers_great_axe	hu3/dwf/dwf_warriors/low_poly/dwf_warriors_lowlod	1	0.95	0.05
wh_dwf_slayers		dwf_slayers	hu3/dwf/dwf_slayers/low_poly/dwf_slayers_lowlod	1	0.95	0.05
wh_dwf_throne_of_power	VariantMeshes\_VariantModels\throne01\dwf\dwf_throneofpower\tech	dwf_throne_of_power		1	1	0.05
wh_dwf_thunderers		dwf_thunderers	hu3/dwf/dwf_warriors/low_poly/dwf_warriors_lowlod	1	0.95	0.05
wh_dwf_warriors		dwf_warriors	hu3/dwf/dwf_warriors/low_poly/dwf_warriors_lowlod	1	0.95	0.05
wh_dwf_warriors_great_weapons		dwf_warriors_great_weapons	hu3/dwf/dwf_warriors/low_poly/dwf_warriors_great_lowlod	1	0.95	0.05
wh_dwf_warriors_ironbreakers		dwf_warriors_ironbreakers	hu3/dwf/dwf_ironbreakers/low_poly/dwf_ironbreakers_lowlod	1	0.95	0.05
wh_dwf_warriors_longbeard		dwf_warriors_longbeard	hu3\dwf\dwf_longbeards\low_poly\dwf_warriors_longbeard_lowlod	1	0.95	0.05
wh_dwf_warriors_longbeard_great_axe		dwf_warriors_longbeard_great_axe	hu3\dwf\dwf_longbeards\low_poly\dwf_warriors_longbeard_great_lowlod	1	0.95	0.05
wh_pro01_dwf_ch_grombrindal		dwf_ch_grombrindal		1	0.98	0
wh_dlc06_dwf_ch_thane_ghost_01		dwf_thane_ghost_01		1	0.98	0.05
wh_dlc06_dwf_ch_thane_ghost_02		dwf_thane_ghost_02		1	0.98	0.05
wh_dlc03_emp_ch_boris_todbringer		emp_ch_boris_todbringer		1	1.02	0
wh_dlc03_emp_ch_boris_todbringer_visor		emp_ch_boris_todbringer_visor		1	1.02	0
wh_dlc03_emp_ch_wizard_beasts		emp_wizard_beasts		1	1.02	0.05
wh_dlc04_emp_arch_lector		emp_arch_lector		1	1.02	0.05
wh_dlc04_emp_ch_volkmar		emp_ch_volkmar		1	1.02	0
wh_dlc04_emp_flagellants		emp_flagellants	hu1\emp\emp_flagellants\low_poly\emp_flagellants_lowlod	1	1	0.05
wh_dlc04_emp_flagellants_tattersouls		emp_flagellants_tattersouls	hu1\emp\emp_flagellants\low_poly\emp_flagellants_tattersouls_lowlod	1	1	0.05
wh_dlc04_emp_free_company_militia		emp_free_company_militia	hu1\emp\emp_free_company\low_poly\emp_free_company_lowlod	1	1	0.05
wh_dlc04_emp_free_company_militia_stirland		emp_free_company_militia_stirland	hu1\emp\emp_free_company\low_poly\emp_free_company_lowlod	1	1	0.05
wh_dlc04_emp_knights_blazing_sun		emp_knights_blazing_sun	hu1\emp\emp_blazing_sun\low_poly\emp_blazing_sun_lowlod	1	1	0.05
wh_dlc04_emp_knights_demigryph_altdorf		emp_demigryph_knights_altdorf	hu1\emp\low_poly\emp_demigryph_knight_halbred_lowlod	1	1	0.05
wh_dlc04_emp_state_troops_handgunners_silver		emp_state_troops_handgunners_silver	hu1\emp\low_poly\emp_state_troops_sigmar_lowlod	1	1	0.05
wh_dlc04_emp_state_troops_sigmar		emp_state_troops_sigmar	hu1\emp\low_poly\emp_state_troops_sigmar_lowlod	1	1	0.05
wh_dlc04_emp_zintlers_reiksguard		emp_knights_reiksguard_zintlers	hu1/emp/low_poly/emp_reiksguard_lowlod	1	1	0.05
wh_dlc05_emp_ch_wizard_life		emp_wizard_life		1	1.02	0.05
wh_dlc05_emp_ch_wizard_shadows		emp_shadow_wizard		1	1.02	0.05
wh_emp_ch_balthasar		emp_ch_balthasar		1	1.02	0.05
wh_emp_ch_captains		emp_captains		1	1.02	0.05
wh_emp_ch_captains_lance		emp_captains		1	1.02	0.05
wh_emp_ch_generals		emp_generals		1	1.02	0.05
wh_emp_ch_generals_lance		emp_generals		1	1.02	0.05
wh_emp_ch_karl		emp_ch_karl		1	1.02	0.05
wh_emp_ch_karl_2h_hammer		emp_ch_karl_2h_hammer		1	1.02	0.05
wh_emp_ch_warrior_priest		emp_warrior_priest		1	1.02	0.05
wh_emp_ch_witch_hunter		emp_witch_hunter		1	1.02	0.05
wh_emp_ch_wizard_fire		emp_wizard_fire		1	1.02	0.05
wh_emp_ch_wizard_heavens		emp_wizard_heavens		1	1.02	0.05
wh_emp_ch_wizard_light		emp_wizard_light		1	1.02	0.05
wh_emp_empire_knights		emp_empire_knights	hu1/emp/low_poly/emp_reiksguard_lowlod	1	1	0.05
wh_emp_greatswords		emp_greatswords	hu1\emp\low_poly\emp_greatswords_lowlod	1	1.02	0.02
wh_emp_knights_demigryph_halberd		emp_knights_demigryph_halberd	hu1\emp\low_poly\emp_demigryph_knight_halbred_lowlod	1	1	0.05
wh_emp_knights_demigryph_lance		emp_knights_demigryph_lance	hu1\emp\low_poly\emp_demigryph_knight_lowlod	1	1	0.05
wh_emp_knights_reiksguard		emp_knights_reiksguard	hu1/emp/low_poly/emp_reiksguard_lowlod	1	1	0.05
wh_emp_state_troops		emp_state_troops	hu1\emp\low_poly\empire_state_troops_sword_shield_lowlod	1	1	0.05
wh_emp_state_troops_crossbowmen		emp_state_troops_crossbowmen	hu1\emp\low_poly\emp_state_troops_handgunners_lowlod	1	1	0.05
wh_emp_state_troops_halberdiers		emp_state_troops_halberdiers	hu1\emp\low_poly\emp_state_troops_halberdiers_lowlod	1	1	0.05
wh_emp_state_troops_handgunners		emp_state_troops_handgunners	hu1\emp\low_poly\emp_state_troops_handgunners_lowlod	1	1	0.05
wh_emp_state_troops_spear_and_shieldmen		emp_state_troops_spear_and_shieldmen	hu1\emp\low_poly\emp_state_troops_spear_shield_lowlod	1	1	0.05
wh_emp_state_troops_spearmen		emp_state_troops_spearmen	hu1\emp\low_poly\emp_state_troops_spearmen_lowlod	1	1	0.05
wh_emp_state_troops_sword_and_shieldmen		emp_state_troops_sword_and_shieldmen	hu1\emp\low_poly\empire_state_troops_sword_shield_lowlod	1	1	0.05
wh_ksl_ch_general		emp_generals		1	1.02	0.05
wh_ksl_ch_general_lance		emp_generals		1	1.02	0.05
wh_teb_ch_general		emp_generals		1	1.02	0.05
wh_teb_ch_general_lance		emp_generals		1	1.02	0.05
wh_dlc05_grn_snorko_one_finger		grn_snorko_one_finger		1	1	0
wh_dlc06_grn_black_orcs_krimson		grn_black_orcs_krimson02	hu2\grn\grn_orc_black\low_poly\grn_orc_black_killaz_lowlod	1	1.23	0.01
wh_dlc06_grn_ch_skarsnik		grn_ch_skarsnik		1	1.08	0
wh_dlc06_grn_ch_wurrzag		grn_ch_wurrzag		1	1.27	0
wh_dlc06_grn_goblin_nasty_skulker		grn_goblin_nasty_skulker	hu5\grn\grn_nasty_skulkers\low_poly\grn_nasty_skulkers_lowlod	1	0.95	0.05
wh_dlc06_grn_night_goblin_boyz		grn_night_goblin_boyz	hu5\grn\grn_night_goblin\low_poly\grn_goblin_night_boyz_lowlod	1	0.98	0.05
wh_dlc06_grn_night_goblin_durket		grn_night_goblin_durket	hu5\grn\grn_night_goblin\low_poly\grn_goblin_night_durket_lowlod	1	0.98	0.05
wh_dlc06_grn_night_goblin_looney		grn_night_goblin_looney	hu5\grn\grn_night_goblin\low_poly\grn_goblin_night_loony_lowlod	1	0.98	0.05
wh_dlc06_grn_night_goblin_rusty		grn_night_goblin_rusty	hu5\grn\grn_night_goblin\low_poly\grn_goblin_night_rusty_lowlod	1	0.98	0.05
wh_dlc06_grn_night_goblin_warboss		grn_night_goblin_warboss		1	1.03	0.05
wh_grn_black_orcs		grn_black_orcs	hu2\grn\grn_orc_black\low_poly\grn_orc_black_lowlod	1	1.2	0.03
wh_grn_ch_azhag		grn_ch_azhag		1	1.3	0.05
wh_grn_ch_goblin_big_boss_spear		grn_goblin_big_boss_spear		1	1.02	0.05
wh_grn_ch_goblin_great_shaman		grn_goblin_great_shaman		1	1.02	0.05
wh_grn_ch_grimgor		grn_ch_grimgor		1	1.45	0.05
wh_grn_ch_night_goblin_shaman		grn_night_goblin_shaman	hu5\grn\grn_night_goblin\low_poly\grn_goblin_night_lowlod	1	1.01	0.05
wh_grn_ch_orc_shaman		grn_orc_shaman		1	1.15	0.05
wh_grn_ch_orc_warboss		grn_orc_warbosses		1	1.27	0.05
wh_grn_forest_goblins		grn_forest_goblins	hu5\grn\grn_forest_goblin\low_poly\grn_forest_goblin_lowlod	1	0.8999999	0.05
wh_grn_forest_goblins_bow		grn_forest_goblins_bow	hu5\grn\grn_forest_goblin\low_poly\grn_forest_goblin_archer_lowlod	1	0.8999999	0.05
wh_grn_goblin_bowmen		grn_goblin_bowmen	hu5\grn\grn_goblin\low_poly\grn_goblin_archer_lowlod	1	0.95	0.05
wh_grn_goblin_spearmen		grn_goblin_spearmen	hu5\grn\grn_goblin\low_poly\grn_goblin_lowlod	1	0.95	0.05
wh_grn_goblins		grn_goblins	hu5\grn\grn_goblin\low_poly\grn_goblin_lowlod	1	0.95	0.05
wh_grn_nightgoblin_archers		grn_nightgoblin_archers	hu5\grn\grn_night_goblin\low_poly\grn_goblin_night_archer_lowlod	1	0.98	0.05
wh_grn_nightgoblin_fanatics		grn_nightgoblin_fanatics	hu5\grn\grn_night_goblin\low_poly\grn_goblin_night_lowlod	1	0.98	0.05
wh_grn_nightgoblins		grn_nightgoblins	hu5\grn\grn_night_goblin\low_poly\grn_goblin_night_lowlod	1	0.98	0.05
wh_grn_orc_boyz		grn_orc_boyz	hu2\grn\grn_orc_boyz\imposter\grn_orc_boyz_imposter	1	1	0.05
wh_grn_orc_boyz_arrer_boyz		grn_orc_arrer_boyz	hu2\grn\grn_orc_boyz\imposter\grn_orc_arrer_boyz_imposter	1	1	0.05
wh_grn_orc_boyz_big_uns		grn_orc_big_uns	hu2\grn\grn_orc_boyz\imposter\grn_orc_boyz_imposter	1	1.13	0.05
wh_grn_savage_orc		grn_savage_orc_boyz	hu2\grn\grn_orc_savage\low_poly\grn_orc_savage_lowlod	1	1.02	0.05
wh_grn_savage_orc_arrer_boyz		grn_savage_orc_arrer_boyz	hu2\grn\grn_orc_savage\low_poly\grn_orc_savage_archer_lowlod	1	1.02	0.05
wh_grn_savage_orc_big_uns		grn_savage_orc_big_uns	hu2\grn\grn_orc_savage\low_poly\grn_orc_savage_lowlod	1	1.15	0.05
wh2_main_hef_archer		hef_archer	hu1d\hef\hef_archers\imposter\hef_archers_imposter	1	1	0.05
wh2_main_hef_archer_armoured		hef_archer_armoured	hu1d\hef\hef_archers\imposter\hef_archers_imposter	1	1	0.05
wh2_main_hef_charioteer_archer		hef_archer_charioteer	hu1d\hef\hef_spearmen\imposter\hef_spearmen_charioteer_imposter	1	1	0.05
wh2_main_hef_charioteer_spear		hef_spearmen_charioteer	hu1d\hef\hef_spearmen\imposter\hef_spearmen_charioteer_imposter	1	1	0.05
wh2_main_hef_gate_guard		hef_gate_guard		1	1	0.05
wh2_main_hef_loremaster		hef_loremaster		1	1.02	0.05
wh2_main_hef_mage		hef_mage		1	1.02	0.05
wh2_main_hef_noble		hef_noble		1	1.02	0.05
wh2_main_hef_phoenix_guard		hef_phoenix_guard	hu1d\hef\hef_phoenix_guard\imposter\hef_phoenix_guard_imposter	1	1	0
wh2_main_hef_prince		hef_prince		1	1.02	0.05
wh2_main_hef_princess		hef_princess		1	1	0.05
wh2_main_hef_sea_guard		hef_sea_guard	hu1d/hef/hef_lothern_sea_guard/imposter/hef_sea_guard_crew_imposter	1	1	0.05
wh2_main_hef_sea_guard_shields		hef_sea_guard_shields	hu1d/hef/hef_lothern_sea_guard/imposter/hef_sea_guard_shields_imposter	1	1	0.05
wh2_main_hef_spearmen		hef_spearmen	hu1d\hef\hef_spearmen\imposter\hef_spearmen_imposter	1	1	0.05
wh2_main_hef_swordmaster		hef_swordmaster	hu1d\hef\hef_swordmasters_of_hoeth\imposter\hef_swordmasters_of_hoeth_imposter	1	1	0.05
wh2_main_hef_teclis		hef_teclis		1	1.02	0
wh2_main_hef_tyrion		hef_tyrion		1	1.02	0
wh2_main_hef_white_lions_of_chrace		hef_white_lions_of_chrace	hu1d\hef\hef_white_lions\imposter\hef_white_lions_of_chrace_imposter	1	1	0.05
wh2_main_lzd_bastiladon_0	VariantMeshes/wh_variantmodels/hq1/lzd/lzd_bastiladon/tech	lzd_bastiladon_feral		1	1.1	0
wh2_main_lzd_bastiladon_1	VariantMeshes/wh_variantmodels/hq1/lzd/lzd_bastiladon/tech	lzd_bastiladon_healing_platform		1.2	1	0
wh2_main_lzd_bastiladon_2	VariantMeshes/wh_variantmodels/hq1/lzd/lzd_bastiladon/tech	lzd_bastiladon_solar_engine		1.2	1	0
wh2_main_lzd_chameleon_skinks		lzd_chameleon_skinks		1	1	0
wh2_main_lzd_chameleon_skinks_blessed		lzd_chameleon_skinks_blessed		1	1	0
wh2_main_lzd_cold_one		lzd_cold_one	rp3\lzd\lzd_cold_one\imposter\lzd_cold_one_imposter	1.15	1	0
wh2_main_lzd_cold_one_feral		lzd_cold_one_feral		1.15	1	0
wh2_main_lzd_hero_saurus_scar_veteran		lzd_hero_saurus_scar_veteran		1	1.15	0.05
wh2_main_lzd_horned_one		lzd_horned_one	rp3\lzd\lzd_cold_one\imposter\lzd_horned_one_imposter	1.15	1	0
wh2_main_lzd_kroxigors		lzd_kroxigor		1	1	0.05
wh2_main_lzd_kroxigors_blessed		lzd_kroxigor_blessed		1	1	0.05
wh2_main_lzd_lord_kroq_gar		lzd_lord_kroq_gar		1	1.2	0
wh2_main_lzd_lord_mazdamundi		lzd_lord_mazdamundi		1	1.2	0
wh2_main_lzd_lord_saurus_old_blood		lzd_lord_saurus_old_blood		1	1.15	0.05
wh2_main_lzd_mnt_carnosaur	VariantMeshes\_VariantModels\raptor03b\lzd\lzd_carnosaur\tech	lzd_carnosaur		1.4	1	0
wh2_main_lzd_mnt_carnosaur_grymloq	VariantMeshes\_VariantModels\raptor03b\lzd\lzd_carnosaur\tech	lzd_carnosaur_grymloq		1.4	1	0
wh2_main_lzd_mon_carnosaur_0		lzd_carnosaur_feral		1	1.3	0
wh2_main_lzd_mon_carnosaur_blessed_0		lzd_carnosaur_feral_blessed		1	1.3	0
wh2_main_lzd_saurus		lzd_saurus	hu7b\lzd\lzd_saurus_warriors\imposter\lzd_saurus_imposter	1	1.1	0.05
wh2_main_lzd_saurus_shield		lzd_saurus_shield	hu7b\lzd\lzd_saurus_warriors\imposter\lzd_saurus_shield_imposter	1	1.1	0.05
wh2_main_lzd_saurus_shield_blessed		lzd_saurus_shield_blessed	hu7b\lzd\lzd_saurus_warriors\imposter\lzd_saurus_shield_imposter	1	1.1	0.05
wh2_main_lzd_saurus_spear		lzd_saurus_spear	hu7b\lzd\lzd_saurus_warriors\imposter\lzd_saurus_spear_imposter	1	1.1	0.05
wh2_main_lzd_saurus_spear_shield		lzd_saurus_spear_shield	hu7b\lzd\lzd_saurus_warriors\imposter\lzd_saurus_spear_shield_imposter	1	1.1	0.05
wh2_main_lzd_saurus_spear_shield_blessed		lzd_saurus_spear_shield_blessed	hu7b\lzd\lzd_saurus_warriors\imposter\lzd_saurus_spear_shield_imposter	1	1.1	0.05
wh2_main_lzd_skink_chief		lzd_skink_chief		1	1.1	0.05
wh2_main_lzd_skink_chief_no_scale		lzd_skink_chief		1	1	0.05
wh2_main_lzd_skink_cohort_shield		lzd_skink_cohort_shield	hu7\lzd\lzd_skink\imposter\lzd_skink_cohort_shield_imposter	1	1	0
wh2_main_lzd_skink_cohort_shield_javelins		lzd_skink_cohort_javelins	hu7\lzd\lzd_skink\imposter\lzd_skink_cohort_javelins_imposter	1	1	0
wh2_main_lzd_skink_crew		lzd_skink_crew	hu7\lzd\lzd_skink\imposter\lzd_skink_crew_imposter	1	1.1	0.05
wh2_main_lzd_skink_priest		lzd_skink_priest		1	1.1	0.05
wh2_main_lzd_skink_priest_avatar		lzd_skink_priest_avatar		1	1.1	0.05
wh2_main_lzd_skink_priest_no_scale		lzd_skink_priest		1	1	0.05
wh2_main_lzd_skink_skirmisher		lzd_skink_skirmisher	hu7\lzd\lzd_skink\imposter\lzd_skink_skirmisher_imposter	1	1	0
wh2_main_lzd_skink_skirmisher_blessed		lzd_skink_skirmisher_blessed	hu7\lzd\lzd_skink\imposter\lzd_skink_skirmisher_imposter	1	1	0
wh2_main_lzd_slann		lzd_slann		1	1.15	0.05
wh2_main_lzd_stegadon_0	VariantMeshes\wh_variantmodels\hq1\lzd\lzd_stegadon\tech	lzd_stegadon_feral		1	1.4	0
wh2_main_lzd_stegadon_1	VariantMeshes\wh_variantmodels\hq1\lzd\lzd_stegadon\tech	lzd_stegadon		1.5	1	0
wh2_main_lzd_stegadon_ancient	VariantMeshes\wh_variantmodels\hq1\lzd\lzd_stegadon\tech	lzd_stegadon_ancient		1.6	1	0
wh2_main_lzd_stegadon_zlaaq	VariantMeshes\wh_variantmodels\hq1\lzd\lzd_stegadon\tech	lzd_stegadon_zlaaq		1.6	1	0
wh2_main_lzd_temple_guard		lzd_saurus_temple_guard	hu7b\lzd\lzd_saurus_warriors\imposter\lzd_saurus_temple_guard_imposter	1	1.1	0.05
wh2_main_lzd_temple_guard_blessed		lzd_saurus_temple_guard_blessed	hu7b\lzd\lzd_saurus_warriors\imposter\lzd_saurus_temple_guard_imposter	1	1.1	0.05
wh_nor_ch_chaos_sorcerer		nor_chaos_sorcerer		1	1.04	0.05
wh_nor_ch_chaos_sorcerer_lord		nor_chaos_sorcerer_lord		1	1.06	0.05
wh_nor_ch_marauder_chieftain		nor_marauder_chieftain		1	1.03	0.01
wh_nor_charioteer		nor_charioteer		1	1	0.05
wh_nor_charioteer_halberd		nor_charioteer_halberd		1	1	0.05
wh_nor_marauder		nor_marauder		1	1	0.05
wh_nor_marauder_great_weapons		nor_marauder_great_weapons		1	1	0.05
wh_nor_warhounds		nor_chaos_warhound		1	1	0.05
wh_nor_warhounds_poison		nor_chaos_warhound_poison		1	1.35	0.05
wh2_main_skv_assassin		skv_assassin	hu17\skv\skv_plague_monks\imposter\skv_plague_monk_imposter	1	1.08	0.05
wh2_main_skv_clanrat		skv_clanrat	hu17\skv\skv_clan_rats\imposter\skv_clanrat_imposter	1	1	0.05
wh2_main_skv_clanrat_shield		skv_clanrat_shield	hu17\skv\skv_clan_rats\imposter\skv_clanrat_shield_imposter	1	1	0
wh2_main_skv_clanrat_spear		skv_clanrat_spear	hu17\skv\skv_clan_rats\imposter\skv_clanrat_spear_imposter	1	1	0
wh2_main_skv_clanrat_spear_shield		skv_clanrat_spear_shield	hu17\skv\skv_clan_rats\imposter\skv_clanrat_spear_shield_imposter	1	1	0
wh2_main_skv_death_globe_bombardiers		skv_death_globe_bombardiers	hu17\skv\skv_poisoned_wind_globadiers\imposter\skv_death_wind_globadiers_imposter	1	1	0.05
wh2_main_skv_death_runners		skv_death_runnners	hu17\skv\skv_death_runners\imposter\skv_death_runnners_imposter	1	1	0.05
wh2_main_skv_doomwheel		skv_doomwheel		1	1	0
wh2_main_skv_doomwheel_clanrat		skv_doomwheel_clanrat	hu17\skv\skv_clan_rats\imposter\skv_clanrat_imposter	1	1	0
wh2_main_skv_doomwheel_rat		skv_rat		1	1	0
wh2_main_skv_grey_seer		skv_grey_seer	hu17\skv\skv_plague_monks\imposter\skv_plague_monk_imposter	1	1.05	0.05
wh2_main_skv_gutter_runners		skv_gutter_runners	hu17\skv\skv_gutter_runners\imposter\skv_gutter_runners_imposter	1	1	0.05
wh2_main_skv_gutter_runners_sling		skv_gutter_runners_sling	hu17\skv\skv_gutter_runners\imposter\skv_gutter_runners_imposter	1	1	0.05
wh2_main_skv_hell_pit_abomination		skv_hell_pit_abomination	hu17\skv\skv_plague_monks\imposter\skv_plague_monk_imposter	1	1	0
wh2_main_skv_lord_skrolk		skv_lord_skrolk		1	1.1	0
wh2_main_skv_night_runners		skv_night_runners	hu17\skv\skv_night_runners\imposter\skv_night_runners_imposter	1	1	0.05
wh2_main_skv_night_runners_sling		skv_night_runners_sling	hu17\skv\skv_night_runners\imposter\skv_night_runners_imposter	1	1	0.05
wh2_main_skv_plague_monk		skv_plague_monk	hu17\skv\skv_plague_monks\imposter\skv_plague_monk_imposter	1	1	0.05
wh2_main_skv_plague_monk_censer		skv_plague_monk_censer	hu17\skv\skv_plague_monks\imposter\skv_plague_monk_imposter	1	1	0.05
wh2_main_skv_plague_priest		skv_plague_priest	hu17\skv\skv_plague_monks\imposter\skv_plague_monk_imposter	1	1.07	0.05
wh2_main_skv_poison_wind_globadiers		skv_wind_globadiers	hu17\skv\skv_poisoned_wind_globadiers\imposter\skv_poisoned_wind_globadiers_imposter	1	1	0.05
wh2_main_skv_queek		skv_queek	hu17\skv\skv_plague_monks\imposter\skv_plague_monk_imposter	1	1.1	0
wh2_main_skv_rat_ogre		skv_rat_ogre		1	1	0
wh2_main_skv_rat_ogre_bonebreaker	VariantMeshes\_VariantModels\humanoid18\skv\skv_bone_breaker\tech	skv_rat_ogre_bonebreaker		1	1.6	0
wh2_main_skv_skavenslaves		skv_skavenslaves	hu17\skv\skv_skaven_slaves\imposter\skv_skavenslaves_imposter	1	1	0.05
wh2_main_skv_skavenslaves_sling		skv_skavenslaves_sling	hu17\skv\skv_skaven_slaves\imposter\skv_skavenslaves_imposter	1	1	0.05
wh2_main_skv_skavenslaves_spear		skv_skavenslaves_spear	hu17\skv\skv_skaven_slaves\imposter\skv_skavenslaves_spear_imposter	1	1	0.05
wh2_main_skv_stormvermin_halberd		skv_stormvermin_halberd	hu17\skv\skv_stormvermin\imposter\skv_stormvermin_halberd_imposter	1	1.05	0.05
wh2_main_skv_stormvermin_shield		skv_stormvermin_shield	hu17\skv\skv_stormvermin\imposter\skv_stormvermin_shield_imposter	1	1.05	0.05
wh2_main_skv_warlock_engineer		skv_warlock_engineer		1	1.03	0.05
wh2_main_skv_warlord		skv_warlord		1	1.1	0.05
wh2_main_skv_warpfire_thrower		skv_warpfire_gunner		1	1	0.05
wh_dlc04_vmp_ch_master_necromancer_helman		vmp_ch_master_necromancer_helman		1	1.02	0
wh_dlc04_vmp_ch_vlad		vmp_ch_vlad		1	1.04	0
wh_dlc04_vmp_necromancer_corpsemaster		vmp_necromancer_corpsemaster		1	1	0.05
wh_dlc04_vmp_skeleton_stalkers		vmp_stalkers	hu1\vmp\vmp_skeleton_warriors\low_poly\vmp_skeleton_warriors_stalkers_lowlod	1	1	0.05
wh_dlc04_vmp_sternsmen		vmp_sternsmen	hu1\vmp\vmp_black_knights\low_poly\vmp_grave_guards_lowlod	1	1	0.05
wh_dlc04_vmp_strigoi		vmp_strigoi		1	1.08	0
wh_dlc04_vmp_zombie_corpse_cart		vmp_zombie_corpse_cart		1	1	0.05
wh_dlc04_vmp_zombie_tithe		vmp_zombie_tithe	hu1\vmp\vmp_zombies\low_poly\vmp_zombie_tithe_lowlod	1	1	0.05
wh_dlc05_vmp_the_red_duke		vmp_the_red_duke		1	1.04	0
wh_pro02_vmp_ch_isabella		vmp_ch_isabella		1	1	0.05
wh_pro03_vmp_ch_krell		vmp_ch_krell		1	1.06	0
wh_vmp_bat		vmp_bat		1	0.28	0.05
wh_vmp_ch_banshee		vmp_banshees		1	1	0.05
wh_vmp_ch_banshee_nagash		vmp_banshees_nagash		1	1	0.05
wh_vmp_ch_heinrich		vmp_ch_heinrich		1	1.02	0.05
wh_vmp_ch_mannfred		vmp_ch_mannfred		1	1.04	0.05
wh_vmp_ch_master_necromancer		vmp_master_necromancer		1	1.02	0.05
wh_vmp_ch_necromancer		vmp_necromancer		1	1.02	0.05
wh_vmp_ch_vampire_female		vmp_vampire_female		1	1	0.05
wh_vmp_ch_vampire_lords		vmp_vampire_lords_sword		1	1.02	0.05
wh_vmp_ch_vampire_lords_lance		vmp_vampire_lords_sword		1	1.02	0.05
wh_vmp_ch_wight_king		vmp_wight_king_sword		1	1.03	0.05
wh_vmp_crypt_horror		vmp_crypt_horror	hu8\vmp\vmp_crypt_horror\low_poly\vmp_crypt_horror_lowlod	1	1.5	0
wh_vmp_dire_wolves		vmp_dire_wolves	wf1\vmp\vmp_dire_wolf\low_poly\vmp_dire_wolf_lowlod	1	1	0.05
wh_vmp_ghost_cairnwraith		vmp_ghost_cairnwraith	gh1\vmp\vmp_cairn_wraith\low_poly\vmp_cairn_wraith_lowlod	1	1	0.05
wh_vmp_ghost_cairnwraith_mortis		vmp_ghost_cairnwraith_mortis		1	1	0.05
wh_vmp_ghost_cairnwraith_nagash		vmp_ghost_cairnwraith_nagash		1	1	0.05
wh_vmp_ghost_chillgheist		vmp_ghost_chillgheist	hu1/vmp/vmp_ghost_hexwraith/low_poly/vmp_ghost_chillgheist_lowlod	1	1	0.05
wh_vmp_ghost_hexwraith		vmp_ghost_hexwraith	hu1\vmp\vmp_ghost_hexwraith\low_poly\vmp_ghost_hexwraith_lowlod	1	1	0.05
wh_vmp_ghoul		vmp_ghoul	hu8c\vmp\vmp_crypt_ghouls\low_poly\vmp_crypt_ghoul_lowlod	1	1	0.05
wh_vmp_ghoul_feasters		vmp_ghoul_feasters	hu8c\vmp\vmp_crypt_ghouls\low_poly\vmp_crypt_ghoul_feaster_lowlod	1	1	0.05
wh_vmp_grave_guard		vmp_grave_guard	hu1\vmp\vmp_black_knights\low_poly\vmp_grave_guards_lowlod	1	1	0.05
wh_vmp_grave_guard_great_weapons		vmp_grave_guard_great_weapons	hu1\vmp\vmp_black_knights\low_poly\vmp_grave_guard_great_lowlod	1	1	0.05
wh_vmp_skeleton		vmp_skeleton	hu1\vmp\vmp_skeleton_warriors\low_poly\vmp_skeleton_warriors_lowlod	1	1	0.05
wh_vmp_skeleton_mortis		vmp_skeleton_mortis		1	1	0.05
wh_vmp_skeleton_nagash		vmp_skeleton_nagash		1	1	0.05
wh_vmp_skeleton_spearmen		vmp_skeleton_spearmen	hu1\vmp\vmp_skeleton_warriors\low_poly\vmp_skeleton_spearmen_lowlod	1	1	0.05
wh_vmp_skeleton_spearmen_mortis		vmp_skeleton_spearmen_mortis		1	1	0.05
wh_vmp_skeleton_spearmen_nagash		vmp_skeleton_spearmen_nagash		1	1	0.05
wh_vmp_terrorgheist	VariantMeshes\wh_variantmodels\bi2\vmp\vmp_terrorgheist\tech	vmp_terrorgheist		1	1	0
wh_vmp_terrorgheist_qb	VariantMeshes\wh_variantmodels\bi2\vmp\vmp_terrorgheist\tech	vmp_terrorgheist		1	2	0
wh_vmp_vargheist		vmp_vargheist		1	1	0.05
wh_vmp_vargheist_swartzhafen		vmp_vargheist_swartzhafen		1	1	0.05
wh_vmp_varghulf		vmp_varghulf		1	1.7	0
wh_vmp_zombie		vmp_zombie	hu1\vmp\vmp_zombies\low_poly\vmp_zombies_lowlod	1	1	0.05
wh_chs_ch_archaon		chs_ch_archaon		1	1.1	0.05
wh_chs_ch_chaos_lord		chs_chaos_lord		1	1.06	0.05
wh_chs_ch_exalted_hero		chs_exalted_hero		1	1.04	0.05
wh_chs_ch_kholek_suneater		chs_kholek_suneater		1	2.05	0
wh_chs_ch_lord_of_change		chs_lord_of_change		1	1.2	0
wh_chs_ch_sigvald		chs_ch_sigvald		1	1.05	0.05
wh_chs_ch_sorcerer		chs_sorcerer		1	1.04	0.05
wh_chs_ch_sorcerer_lord		chs_sorcerer_lord		1	1.06	0.05
wh_chs_chaos_spawn		chs_chaos_spawn		1	0.8	0
wh_chs_charioteer		chs_charioteer	hu1c\chs\chs_marauders\low_poly\chs_marauder_chariot_lowlod	1	1.02	0.05
wh_chs_charioteer_halberd		chs_charioteer_halberd	hu1c\chs\chs_warriors_of_chaos\low_poly\chs_warriors_halberd_lowlod	1	1.02	0.05
wh_chs_dragon_ogre		chs_dragon_ogre	ce2\chaos\chs_dragon_ogre\low_poly\chs_dragon_ogre_lowlod	1	1	0.05
wh_chs_dragon_ogre_shaggoth		chs_dragon_ogre_shaggoth	ce2\chaos\chs_dragon_ogre\low_poly\chs_dragon_ogre_lowlod	1	1.75	0
wh_chs_forsaken		chs_forsaken	hu1c\chs\chs_forsaken\low_poly\chs_forsaken_lowlod	1	1.1	0.05
wh_chs_marauders		chs_marauders	hu1c\chs\chs_marauders\low_poly\chs_marauder_lowlod	1	1	0.05
wh_chs_marauders_great_weapons		chs_marauders_great_weapons	hu1c\chs\chs_marauders\low_poly\chs_marauder_great_lowlod	1	1	0.05
wh_chs_warhounds		chs_warhounds	wf1\chs\chs_warhounds\low_poly\chs_warhounds_lowlod	1	1	0.05
wh_chs_warhounds_poison		chs_warhounds_poison	wf1\chs\chs_warhounds_poison\low_poly\chs_warhound_poison_lowlod	1	1.35	0.05
wh_chs_warriors		chs_warriors	hu1c\chs\chs_warriors_of_chaos\low_poly\chs_warriors_lowlod	1	1.02	0.05
wh_chs_warriors_chosen		chs_warriors_chosen	hu1c\chs\chs_chosen\low_poly\chs_chosen_lowlod	1	1.03	0.05
wh_chs_warriors_chosen_great_weapons		chs_warriors_chosen_great_weapons	hu1c\chs\chs_chosen\low_poly\chs_chosen_great_lowlod	1	1.03	0.05
wh_chs_warriors_chosen_halberd		chs_warriors_chosen_halberd	hu1c\chs\chs_chosen\low_poly\chs_chosen_halberd_lowlod	1	1.03	0.05
wh_chs_warriors_great_weapons		chs_warriors_great_weapons	hu1c\chs\chs_warriors_of_chaos\low_poly\chs_warriors_great_lowlod	1	1.02	0.05
wh_chs_warriors_halberd		chs_warriors_halberd	hu1c\chs\chs_warriors_of_chaos\low_poly\chs_warriors_halberd_lowlod	1	1.02	0.05
wh_dlc06_chs_warriors_aspiring_champions		chs_aspiring_champions	hu1c\chs\chs_aspiring_champions\low_poly\chs_aspiring_champions_lowlod	1	1.04	0.05
wh_dlc05_wef_ancient_treeman		wef_ancient_treeman		1	1	0.05
wh_dlc05_wef_branchwraith		wef_branchwraith		1	1.3	0.05
wh_dlc05_wef_deepwood_scouts		wef_deepwood_scouts	hu1d\wef\wef_waystalkers\imposter\wef_waystalkers_imposter	1	1	0.05
wh_dlc05_wef_dryad		wef_dryad	hu20\wef\wef_dryad\imposter\wef_dryads_imposter	1	1.1	0.2
wh_dlc05_wef_durthu		wef_durthu		1	1	0
wh_dlc05_wef_eternal_guard		wef_eternal_guard	hu1d\wef\wef_eternal_guard\imposter\wef_eternal_guard_spear_imposter	1	1	0.05
wh_dlc05_wef_eternal_guard_shield		wef_eternal_guard_shield	hu1d\wef\wef_eternal_guard\imposter\wef_eternal_guard_shield_imposter	1	1	0.05
wh_dlc05_wef_female_glade_lord		wef_glade_female_lord_sword_bow		1	1	0.05
wh_dlc05_wef_glade_guard		wef_glade_guard	hu1d\wef\wef_glade_guard\imposter\wef_glade_guard_imposter	1	1	0.05
wh_dlc05_wef_glade_lord		wef_glade_lord_sword_bow		1	1.02	0.05
wh_dlc05_wef_orion		wef_orion		1	1	0
wh_dlc05_wef_sisters_thorn		wef_sister_thorn	hu1b\wef\wef_sisters_of_the_thorn\imposter\wef_sisters_of_the_thorn_spear_spear_imposter	1	1	0.05
wh_dlc05_wef_spellsinger		wef_spellsinger		1	1	0.05
wh_dlc05_wef_treekin		wef_treekin	hc02\wef\wef_treekin\imposter\wef_treekin_imposter	1	1	0.05
wh_dlc05_wef_treeman		wef_treeman		1	1	0
wh_dlc05_wef_wardancer		wef_wardancer	hu1b\wef\wef_wardancers\imposter\wef_wardancers_sword_sword_imposter	1	1	0.05
wh_dlc05_wef_wardancer_spear		wef_wardancer_spear	hu1b\wef\wef_wardancers\imposter\wef_wardancers_spear_imposter	1	1	0.05
wh_dlc05_wef_waystalkers		wef_waystalkers	hu1d\wef\wef_waystalkers\imposter\wef_waystalkers_sword_sword_imposter	1	1.02	0.05
wh_dlc05_wef_waywatchers		wef_waywatchers	hu1d\wef\wef_waywatchers\imposter\wef_waywatchers_imposter	1	1	0.05
wh_dlc05_wef_wildwood_ranger		wef_wildwood_rangers	hu1d\wef\wef_wildwood_rangers\imposter\wef_wildwood_rangers_sword_imposter	1	1	0.05
